{"biology": {"corr": 581.0, "wrong": 136.0, "acc": 0.810320781032078}, "total": {"corr": 581.0, "wrong": 136.0, "acc": 0.810320781032078}}