{"business": {"corr": 556.0, "wrong": 233.0, "acc": 0.7046894803548795}, "total": {"corr": 556.0, "wrong": 233.0, "acc": 0.7046894803548795}}