{"chemistry": {"corr": 687.0, "wrong": 445.0, "acc": 0.6068904593639576}, "total": {"corr": 687.0, "wrong": 445.0, "acc": 0.6068904593639576}}