{"computer science": {"corr": 279.0, "wrong": 131.0, "acc": 0.6804878048780488}, "total": {"corr": 279.0, "wrong": 131.0, "acc": 0.6804878048780488}}