{"economics": {"corr": 627.0, "wrong": 217.0, "acc": 0.7428909952606635}, "total": {"corr": 627.0, "wrong": 217.0, "acc": 0.7428909952606635}}