{"engineering": {"corr": 336.0, "wrong": 550.0, "acc": 0.3792325056433409}, "total": {"corr": 336.0, "wrong": 550.0, "acc": 0.3792325056433409}}