{"health": {"corr": 560.0, "wrong": 258.0, "acc": 0.684596577017115}, "total": {"corr": 560.0, "wrong": 258.0, "acc": 0.684596577017115}}