{"law": {"corr": 419.0, "wrong": 682.0, "acc": 0.38056312443233425}, "total": {"corr": 419.0, "wrong": 682.0, "acc": 0.38056312443233425}}