{"math": {"corr": 953.0, "wrong": 398.0, "acc": 0.7054034048852702}, "total": {"corr": 953.0, "wrong": 398.0, "acc": 0.7054034048852702}}