{"other": {"corr": 616.0, "wrong": 308.0, "acc": 0.6666666666666666}, "total": {"corr": 616.0, "wrong": 308.0, "acc": 0.6666666666666666}}