{"philosophy": {"corr": 265.0, "wrong": 234.0, "acc": 0.531062124248497}, "total": {"corr": 265.0, "wrong": 234.0, "acc": 0.531062124248497}}