{"physics": {"corr": 801.0, "wrong": 497.0, "acc": 0.6171032357473035}, "total": {"corr": 801.0, "wrong": 497.0, "acc": 0.6171032357473035}}