{"psychology": {"corr": 599.0, "wrong": 199.0, "acc": 0.7506265664160401}, "total": {"corr": 599.0, "wrong": 199.0, "acc": 0.7506265664160401}}