{
  "humanities": 0.764,
  "humanities:std": 0.4246221850068599,
  "score:std": 0.380820167533181,
  "other": 0.852,
  "other:std": 0.35509998591945907,
  "social_sciences": 0.856,
  "social_sciences:std": 0.35108973211986705,
  "stem": 0.824,
  "stem:std": 0.380820167533181,
  "score": 0.824
}