{"biology": {"corr": 576.0, "wrong": 141.0, "acc": 0.803347280334728}, "total": {"corr": 576.0, "wrong": 141.0, "acc": 0.803347280334728}}