{"business": {"corr": 546.0, "wrong": 243.0, "acc": 0.6920152091254753}, "total": {"corr": 546.0, "wrong": 243.0, "acc": 0.6920152091254753}}