{"chemistry": {"corr": 675.0, "wrong": 457.0, "acc": 0.5962897526501767}, "total": {"corr": 675.0, "wrong": 457.0, "acc": 0.5962897526501767}}