{"computer science": {"corr": 272.0, "wrong": 138.0, "acc": 0.6634146341463415}, "total": {"corr": 272.0, "wrong": 138.0, "acc": 0.6634146341463415}}