{"economics": {"corr": 609.0, "wrong": 235.0, "acc": 0.7215639810426541}, "total": {"corr": 609.0, "wrong": 235.0, "acc": 0.7215639810426541}}