{"engineering": {"corr": 376.0, "wrong": 593.0, "acc": 0.38802889576883387}, "total": {"corr": 376.0, "wrong": 593.0, "acc": 0.38802889576883387}}