{"health": {"corr": 533.0, "wrong": 285.0, "acc": 0.6515892420537898}, "total": {"corr": 533.0, "wrong": 285.0, "acc": 0.6515892420537898}}