{"law": {"corr": 409.0, "wrong": 692.0, "acc": 0.371480472297911}, "total": {"corr": 409.0, "wrong": 692.0, "acc": 0.371480472297911}}