{"math": {"corr": 897.0, "wrong": 369.0, "acc": 0.7085308056872038}, "total": {"corr": 897.0, "wrong": 369.0, "acc": 0.7085308056872038}}