{"other": {"corr": 620.0, "wrong": 304.0, "acc": 0.670995670995671}, "total": {"corr": 620.0, "wrong": 304.0, "acc": 0.670995670995671}}