{"philosophy": {"corr": 260.0, "wrong": 239.0, "acc": 0.5210420841683366}, "total": {"corr": 260.0, "wrong": 239.0, "acc": 0.5210420841683366}}