{"physics": {"corr": 821.0, "wrong": 478.0, "acc": 0.6320246343341032}, "total": {"corr": 821.0, "wrong": 478.0, "acc": 0.6320246343341032}}