{"psychology": {"corr": 573.0, "wrong": 225.0, "acc": 0.7180451127819549}, "total": {"corr": 573.0, "wrong": 225.0, "acc": 0.7180451127819549}}